chromosome	position	strand	refGenome	reads	subject	externalSampleID	internalSampleID	cellType	timePoint	estAbund	relAbund	nearestFeature	inFeature	nearestFeatureStrand	inFeatureExon	nearestFeatureDist	nearestOncoFeature	nearestOncoFeatureDist	posid
chr1	101151620	-	hg38	64	pP10	xxx	GTSP5545	PBL	M33	3	0.16260162601626016	LOC102606465	FALSE	+	FALSE	64240	COL11A1	1724845	chr1-101151620
chr1	150560992	-	hg38	49	pP10	xxx	GTSP5545	PBL	M33	1	0.05420054200542006	ADAMTSL4-AS1	TRUE	-	TRUE	-0	MCL1	13557	chr1-150560992
chr1	155940946	-	hg38	21	pP10	xxx	GTSP5545	PBL	M33	1	0.05420054200542006	RXFP4	FALSE	+	FALSE	-741	ARHGEF2	5891	chr1-155940946
chr1	156114906	-	hg38	24	pP10	xxx	GTSP5545	PBL	M33	1	0.05420054200542006	LMNA	TRUE	+	TRUE	-0	ARHGEF2	-135345	chr1-156114906
chr1	15618384	-	hg38	6	pP10	xxx	GTSP5545	PBL	M33	1	0.05420054200542006	DDI2	TRUE	+	FALSE	0	CASP9	-93593	chr1-15618384
chr1	160543261	-	hg38	141	pP10	xxx	GTSP5545	PBL	M33	1	0.05420054200542006	CD84	TRUE	-	TRUE	-0	SLAMF6	-19998	chr1-160543261
chr1	160712271	-	hg38	258	pP10	xxx	GTSP5545	PBL	M33	4	0.21680216802168023	CD48	FALSE	-	FALSE	-419	SLAMF6	-189008	chr1-160712271
chr1	198557455	-	hg38	65	pP10	xxx	GTSP5545	PBL	M33	1	0.05420054200542006	ATP6V1G3	FALSE	-	FALSE	-16509	ASPM	-1410760	chr1-198557455
chr1	20473015	-	hg38	5	pP10	xxx	GTSP5545	PBL	M33	1	0.05420054200542006	CAMK2N1	FALSE	-	FALSE	9374	CDA	-115934	chr1-20473015
chr1	205812502	-	hg38	153	pP10	xxx	GTSP5545	PBL	M33	5	0.27100271002710025	SLC41A1	TRUE	-	FALSE	0	SLC45A3	-131999	chr1-205812502
chr1	213050884	-	hg38	2	pP10	xxx	GTSP5545	PBL	M33	1	0.05420054200542006	RPS6KC1	FALSE	+	FALSE	-347	ATF3	430106	chr1-213050884
chr1	25035759	-	hg38	2	pP10	xxx	GTSP5545	PBL	M33	1	0.05420054200542006	MIR4425	FALSE	+	FALSE	12172	RUNX3	-70748	chr1-25035759
chr1	26691196	-	hg38	8	pP10	xxx	GTSP5545	PBL	M33	1	0.05420054200542006	LOC101928728	FALSE	-	FALSE	712	ARID1A	-4835	chr1-26691196
chr1	43300260	-	hg38	169	pP10	xxx	GTSP5545	PBL	M33	1	0.05420054200542006	TIE1	FALSE	+	FALSE	-633	TIE1	-633	chr1-43300260
chr1	74954324	-	hg38	101	pP10	xxx	GTSP5545	PBL	M33	1	0.05420054200542006	LHX8	FALSE	+	FALSE	-174108	ACADM	-770021	chr1-74954324
chr1	94721941	-	hg38	2	pP10	xxx	GTSP5545	PBL	M33	1	0.05420054200542006	SLC44A3-AS1	TRUE	-	FALSE	-0	ALG14	260780	chr1-94721941
chr1	9630397	-	hg38	101	pP10	xxx	GTSP5545	PBL	M33	1	0.05420054200542006	TMEM201	FALSE	+	FALSE	15519	PIK3CD	-21332	chr1-9630397
chr1	108021892	+	hg38	325	pP10	xxx	GTSP5545	PBL	M33	3	0.16260162601626016	VAV3-AS1	FALSE	+	FALSE	27284	VAV3	-56968	chr1+108021892
chr1	148384534	+	hg38	4	pP10	xxx	GTSP5545	PBL	M33	1	0.05420054200542006	MIR6077	FALSE	+	FALSE	-3746	PDE4DIP	-423645	chr1+148384534
chr1	155227231	+	hg38	68	pP10	xxx	GTSP5545	PBL	M33	3	0.16260162601626016	GBAP1	TRUE	-	FALSE	0	THBS3	-19249	chr1+155227231
chr1	169326445	+	hg38	99	pP10	xxx	GTSP5545	PBL	M33	1	0.05420054200542006	NME7	TRUE	-	FALSE	0	SELE	396193	chr1+169326445
chr1	203322877	+	hg38	12	pP10	xxx	GTSP5545	PBL	M33	1	0.05420054200542006	BTG2	FALSE	+	FALSE	13274	BTG2	13274	chr1+203322877
chr1	234718749	+	hg38	341	pP10	xxx	GTSP5545	PBL	M33	2	0.10840108401084012	LINC01132	FALSE	+	FALSE	-5291	IRF2BP2	-109223	chr1+234718749
chr1	234852937	+	hg38	93	pP10	xxx	GTSP5545	PBL	M33	1	0.05420054200542006	PP2672	FALSE	-	FALSE	-92880	IRF2BP2	-243411	chr1+234852937
chr1	234938672	+	hg38	2	pP10	xxx	GTSP5545	PBL	M33	1	0.05420054200542006	LOC101927851	FALSE	-	FALSE	18668	RBM34	192509	chr1+234938672
chr1	239540535	+	hg38	5	pP10	xxx	GTSP5545	PBL	M33	1	0.05420054200542006	CHRM3	TRUE	+	FALSE	0	FH	1957020	chr1+239540535
chr1	25021710	+	hg38	97	pP10	xxx	GTSP5545	PBL	M33	2	0.10840108401084012	MIR4425	FALSE	+	FALSE	-1791	RUNX3	-56699	chr1+25021710
chr1	26544883	+	hg38	15	pP10	xxx	GTSP5545	PBL	M33	1	0.05420054200542006	RPS6KA1	TRUE	+	FALSE	0	RPS6KA1	0	chr1+26544883
chr1	31940220	+	hg38	83	pP10	xxx	GTSP5545	PBL	M33	1	0.05420054200542006	PTP4A2	FALSE	-	FALSE	-1832	COL16A1	-236052	chr1+31940220
chr10	19728836	-	hg38	2	pP10	xxx	GTSP5545	PBL	M33	1	0.05420054200542006	MALRD1	TRUE	+	FALSE	-0	MLLT10	-1804511	chr10-19728836
chr10	21519807	-	hg38	45	pP10	xxx	GTSP5545	PBL	M33	1	0.05420054200542006	SKIDA1	TRUE	-	FALSE	0	MLLT10	-13540	chr10-21519807
chr10	30533138	-	hg38	13	pP10	xxx	GTSP5545	PBL	M33	1	0.05420054200542006	MAP3K8	FALSE	+	FALSE	71304	MAP3K8	71304	chr10-30533138
chr10	45470498	-	hg38	608	pP10	xxx	GTSP5545	PBL	M33	8	0.43360433604336046	MARCH8	TRUE	-	FALSE	-0	ALOX5	24378	chr10-45470498
chr10	48684265	-	hg38	2	pP10	xxx	GTSP5545	PBL	M33	1	0.05420054200542006	WDFY4	FALSE	+	FALSE	-1206	MAPK8	244904	chr10-48684265
chr10	62171070	-	hg38	27	pP10	xxx	GTSP5545	PBL	M33	2	0.10840108401084012	RTKN2	FALSE	-	FALSE	22014	EGR2	640924	chr10-62171070
chr10	71755987	-	hg38	5	pP10	xxx	GTSP5545	PBL	M33	1	0.05420054200542006	CDH23,VSIR	TRUE	+,-	FALSE	0	PSAP	60294	chr10-71755987
chr10	72276824	-	hg38	147	pP10	xxx	GTSP5545	PBL	M33	2	0.10840108401084012	DDIT4	FALSE	+	FALSE	787	PSAP	-425448	chr10-72276824
chr10	77620495	-	hg38	4	pP10	xxx	GTSP5545	PBL	M33	1	0.05420054200542006	KCNMA1	TRUE	-	FALSE	0	ZMIZ1	-1448538	chr10-77620495
chr10	78756503	-	hg38	75	pP10	xxx	GTSP5545	PBL	M33	1	0.05420054200542006	ZMIZ1-AS1	FALSE	-	FALSE	186821	ZMIZ1	-312530	chr10-78756503
chr10	110868540	+	hg38	4	pP10	xxx	GTSP5545	PBL	M33	1	0.05420054200542006	PDCD4-AS1	FALSE	-	FALSE	348	PDCD4	-3253	chr10+110868540
chr10	17217157	+	hg38	2	pP10	xxx	GTSP5545	PBL	M33	1	0.05420054200542006	VIM-AS1	TRUE	-	FALSE	-0	CUBN	-87339	chr10+17217157
chr10	22370708	+	hg38	231243	pP10	xxx	GTSP5545	PBL	M33	695	37.669376693766935	SPAG6	TRUE	+	FALSE	0	BMI1	39222	chr10+22370708
chr10	3803244	+	hg38	339	pP10	xxx	GTSP5545	PBL	M33	4	0.21680216802168023	KLF6	FALSE	-	FALSE	-17962	KLF6	-17962	chr10+3803244
chr10	70494817	+	hg38	11	pP10	xxx	GTSP5545	PBL	M33	1	0.05420054200542006	PALD1	TRUE	+	FALSE	0	PRF1	102529	chr10+70494817
chr10	79133976	+	hg38	219	pP10	xxx	GTSP5545	PBL	M33	1	0.05420054200542006	ZMIZ1	TRUE	+	FALSE	0	ZMIZ1	0	chr10+79133976
chr10	80460328	+	hg38	66	pP10	xxx	GTSP5545	PBL	M33	1	0.05420054200542006	TSPAN14	TRUE	+	FALSE	0	NUTM2B	747570	chr10+80460328
chr11	119121167	-	hg38	509	pP10	xxx	GTSP5545	PBL	M33	4	0.21680216802168023	HINFP	FALSE	+	FALSE	-354	H2AFX	-25699	chr11-119121167
chr11	122853560	-	hg38	12	pP10	xxx	GTSP5545	PBL	M33	1	0.05420054200542006	CRTAM	TRUE	+	FALSE	0	MIR125B1	-753715	chr11-122853560
chr11	125070699	-	hg38	37	pP10	xxx	GTSP5545	PBL	M33	2	0.10840108401084012	SLC37A2	TRUE	+	FALSE	0	SPA17	375904	chr11-125070699
chr11	33881660	-	hg38	230317	pP10	xxx	GTSP5545	PBL	M33	678	36.7479674796748	LMO2	TRUE	-	FALSE	0	LMO2	0	chr11-33881660
chr11	33896767	-	hg38	3	pP10	xxx	GTSP5545	PBL	M33	1	0.05420054200542006	LMO2	FALSE	-	FALSE	-4477	LMO2	-4477	chr11-33896767
chr11	46100870	-	hg38	121	pP10	xxx	GTSP5545	PBL	M33	1	0.05420054200542006	PHF21A	TRUE	-	FALSE	0	CREB3L1	-176766	chr11-46100870
chr11	96218156	-	hg38	48	pP10	xxx	GTSP5545	PBL	M33	1	0.05420054200542006	MAML2	TRUE	-	FALSE	0	MAML2	0	chr11-96218156
chr11	10456214	+	hg38	239	pP10	xxx	GTSP5545	PBL	M33	1	0.05420054200542006	AMPD3	TRUE	+	TRUE	0	MRVI1	116875	chr11+10456214
chr11	10657827	+	hg38	18	pP10	xxx	GTSP5545	PBL	M33	2	0.10840108401084012	MRVI1	TRUE	-	FALSE	0	MRVI1	0	chr11+10657827
chr11	121429572	+	hg38	315	pP10	xxx	GTSP5545	PBL	M33	2	0.10840108401084012	SORL1	FALSE	+	FALSE	-22629	SORL1	-22629	chr11+121429572
chr11	128660318	+	hg38	3	pP10	xxx	GTSP5545	PBL	M33	1	0.05420054200542006	LOC101929538	FALSE	-	FALSE	20920	FLI1	-26215	chr11+128660318
chr11	33941890	+	hg38	297	pP10	xxx	GTSP5545	PBL	M33	3	0.16260162601626016	LMO2	FALSE	-	FALSE	-49600	LMO2	-49600	chr11+33941890
chr11	3985407	+	hg38	159	pP10	xxx	GTSP5545	PBL	M33	2	0.10840108401084012	STIM1	TRUE	+	FALSE	-0	RRM1	-109276	chr11+3985407
chr11	64802265	+	hg38	386	pP10	xxx	GTSP5545	PBL	M33	2	0.10840108401084012	MAP4K2	TRUE	-	FALSE	0	MAP4K2	0	chr11+64802265
chr11	65488609	+	hg38	17	pP10	xxx	GTSP5545	PBL	M33	1	0.05420054200542006	MALAT1	FALSE	+	FALSE	-9127	MALAT1	-9127	chr11+65488609
chr11	68038709	+	hg38	8	pP10	xxx	GTSP5545	PBL	M33	1	0.05420054200542006	TCIRG1	FALSE	+	FALSE	-284	TCIRG1	-284	chr11+68038709
chr11	73312874	+	hg38	28	pP10	xxx	GTSP5545	PBL	M33	1	0.05420054200542006	ARHGEF17	TRUE	+	FALSE	0	PLEKHB1	-333302	chr11+73312874
chr11	73315025	+	hg38	312	pP10	xxx	GTSP5545	PBL	M33	1	0.05420054200542006	ARHGEF17	TRUE	+	FALSE	0	PLEKHB1	-331151	chr11+73315025
chr11	78311603	+	hg38	2	pP10	xxx	GTSP5545	PBL	M33	1	0.05420054200542006	GAB2	TRUE	-	FALSE	-0	GAB2	-0	chr11+78311603
chr12	10054630	-	hg38	150	pP10	xxx	GTSP5545	PBL	M33	3	0.16260162601626016	CLEC9A	TRUE	+	FALSE	-0	CD69	-293728	chr12-10054630
chr12	112980182	-	hg38	229	pP10	xxx	GTSP5545	PBL	M33	1	0.05420054200542006	OAS2	TRUE	+	FALSE	0	PTPN11	470263	chr12-112980182
chr12	124457494	-	hg38	158	pP10	xxx	GTSP5545	PBL	M33	1	0.05420054200542006	NCOR2	TRUE	-	FALSE	0	NCOR2	0	chr12-124457494
chr12	124549776	-	hg38	153	pP10	xxx	GTSP5545	PBL	M33	2	0.10840108401084012	NCOR2	TRUE	-	FALSE	0	NCOR2	0	chr12-124549776
chr12	24931660	-	hg38	121	pP10	xxx	GTSP5545	PBL	M33	2	0.10840108401084012	BCAT1	TRUE	-	FALSE	0	LRMP	-120585	chr12-24931660
chr12	4246483	-	hg38	192	pP10	xxx	GTSP5545	PBL	M33	2	0.10840108401084012	CCND2-AS1	FALSE	-	FALSE	2282	CCND2-AS1	2282	chr12-4246483
chr12	4267678	-	hg38	2	pP10	xxx	GTSP5545	PBL	M33	1	0.05420054200542006	CCND2-AS1	TRUE	-	FALSE	0	CCND2-AS1	0	chr12-4267678
chr12	4271693	-	hg38	479	pP10	xxx	GTSP5545	PBL	M33	10	0.5420054200542005	CCND2-AS1	TRUE	-	FALSE	0	CCND2-AS1	0	chr12-4271693
chr12	51831707	-	hg38	96	pP10	xxx	GTSP5545	PBL	M33	1	0.05420054200542006	FIGNL2	TRUE	-	FALSE	0	ACVR1B	-119958	chr12-51831707
chr12	598969	-	hg38	106	pP10	xxx	GTSP5545	PBL	M33	3	0.16260162601626016	NINJ2	TRUE	-	FALSE	-0	KDM5A	-209513	chr12-598969
chr12	7675762	-	hg38	185	pP10	xxx	GTSP5545	PBL	M33	1	0.05420054200542006	APOBEC1	FALSE	-	FALSE	-5162	C3AR1	381080	chr12-7675762
chr12	93594539	-	hg38	29	pP10	xxx	GTSP5545	PBL	M33	1	0.05420054200542006	SOCS2	FALSE	+	FALSE	17793	SOCS2	17793	chr12-93594539
chr12	101856868	+	hg38	113	pP10	xxx	GTSP5545	PBL	M33	1	0.05420054200542006	DRAM1	FALSE	+	FALSE	-20457	DRAM1	-20457	chr12+101856868
chr12	110500890	+	hg38	4	pP10	xxx	GTSP5545	PBL	M33	1	0.05420054200542006	VPS29	TRUE	-	FALSE	0	PPTC7	33540	chr12+110500890
chr12	118061646	+	hg38	134	pP10	xxx	GTSP5545	PBL	M33	1	0.05420054200542006	WSB2	TRUE	-	FALSE	0	PEBP1	-74236	chr12+118061646
chr12	118062753	+	hg38	40	pP10	xxx	GTSP5545	PBL	M33	1	0.05420054200542006	WSB2	FALSE	-	FALSE	-578	PEBP1	-73129	chr12+118062753
chr12	11954933	+	hg38	222	pP10	xxx	GTSP5545	PBL	M33	2	0.10840108401084012	ETV6	FALSE	+	FALSE	59530	ETV6	59530	chr12+11954933
chr12	65896462	+	hg38	324	pP10	xxx	GTSP5545	PBL	M33	2	0.10840108401084012	HMGA2	TRUE	+	FALSE	-0	HMGA2	-0	chr12+65896462
chr12	68381507	+	hg38	173	pP10	xxx	GTSP5545	PBL	M33	1	0.05420054200542006	MDM1	FALSE	-	FALSE	-49092	IL22	-128005	chr12+68381507
chr12	68600588	+	hg38	105	pP10	xxx	GTSP5545	PBL	M33	4	0.21680216802168023	RAP1B	FALSE	+	FALSE	-10249	RAP1B	-10249	chr12+68600588
chr12	93592425	+	hg38	16	pP10	xxx	GTSP5545	PBL	M33	1	0.05420054200542006	SOCS2	FALSE	+	FALSE	15679	SOCS2	15679	chr12+93592425
chr13	21071150	-	hg38	155	pP10	xxx	GTSP5545	PBL	M33	1	0.05420054200542006	LATS2	FALSE	-	FALSE	-9566	LATS2	-9566	chr13-21071150
chr13	71802613	-	hg38	3	pP10	xxx	GTSP5545	PBL	M33	1	0.05420054200542006	DACH1	TRUE	-	FALSE	0	KLF5	-1252361	chr13-71802613
chr13	71861537	-	hg38	9	pP10	xxx	GTSP5545	PBL	M33	1	0.05420054200542006	DACH1	TRUE	-	FALSE	0	KLF5	-1193437	chr13-71861537
chr13	41464462	+	hg38	106	pP10	xxx	GTSP5545	PBL	M33	1	0.05420054200542006	RGCC	TRUE	+	FALSE	-0	FOXO1	-797864	chr13+41464462
chr14	49971421	-	hg38	128	pP10	xxx	GTSP5545	PBL	M33	1	0.05420054200542006	MIR6076	FALSE	+	FALSE	4909	ARF6	74366	chr14-49971421
chr14	49999840	-	hg38	129	pP10	xxx	GTSP5545	PBL	M33	3	0.16260162601626016	LINC01588	TRUE	-	TRUE	0	ARF6	102785	chr14-49999840
chr14	77036833	-	hg38	3	pP10	xxx	GTSP5545	PBL	M33	1	0.05420054200542006	LINC02288	FALSE	+	FALSE	-4214	TGFB3	-1053821	chr14-77036833
chr14	77617364	-	hg38	9	pP10	xxx	GTSP5545	PBL	M33	1	0.05420054200542006	SPTLC2	FALSE	-	FALSE	-596	TGFB3	-1634352	chr14-77617364
chr14	89305806	-	hg38	3	pP10	xxx	GTSP5545	PBL	M33	1	0.05420054200542006	FOXN3	TRUE	-	FALSE	-0	PTPN21	-751026	chr14-89305806
chr14	93957427	-	hg38	44	pP10	xxx	GTSP5545	PBL	M33	3	0.16260162601626016	ASB2	TRUE	-	FALSE	0	IFI27	-153304	chr14-93957427
chr14	24270679	+	hg38	59	pP10	xxx	GTSP5545	PBL	M33	1	0.05420054200542006	RABGGTA	TRUE	-	FALSE	0	BCL2L2	958919	chr14+24270679
chr14	24397135	+	hg38	306	pP10	xxx	GTSP5545	PBL	M33	3	0.16260162601626016	NYNRIN	FALSE	+	FALSE	-1649	BCL2L2	1085375	chr14+24397135
chr14	35366822	+	hg38	110	pP10	xxx	GTSP5545	PBL	M33	1	0.05420054200542006	NFKBIA	FALSE	-	FALSE	34686	NFKBIA	34686	chr14+35366822
chr14	49998898	+	hg38	60	pP10	xxx	GTSP5545	PBL	M33	1	0.05420054200542006	LINC01588	TRUE	-	FALSE	0	ARF6	101843	chr14+49998898
chr14	50062169	+	hg38	43	pP10	xxx	GTSP5545	PBL	M33	1	0.05420054200542006	LINC01599	TRUE	-	FALSE	0	ARF6	165114	chr14+50062169
chr14	76915494	+	hg38	96	pP10	xxx	GTSP5545	PBL	M33	2	0.10840108401084012	LINC01629	FALSE	+	FALSE	-44142	TGFB3	-932482	chr14+76915494
chr14	77038831	+	hg38	7	pP10	xxx	GTSP5545	PBL	M33	2	0.10840108401084012	LINC02288	FALSE	+	FALSE	-2216	TGFB3	-1055819	chr14+77038831
chr14	77042044	+	hg38	94	pP10	xxx	GTSP5545	PBL	M33	2	0.10840108401084012	LINC02288	TRUE	+	FALSE	0	TGFB3	-1059032	chr14+77042044
chr15	64456723	-	hg38	3	pP10	xxx	GTSP5545	PBL	M33	1	0.05420054200542006	TRIP4	FALSE	+	FALSE	1419	USP3	862082	chr15-64456723
chr15	74777679	-	hg38	113	pP10	xxx	GTSP5545	PBL	M33	1	0.05420054200542006	CSK	FALSE	+	FALSE	-4403	CYP1A1	-52068	chr15-74777679
chr15	90650573	-	hg38	7	pP10	xxx	GTSP5545	PBL	M33	1	0.05420054200542006	CRTC3-AS1	TRUE	-	FALSE	-0	CRTC3	5227	chr15-90650573
chr15	70464795	+	hg38	93	pP10	xxx	GTSP5545	PBL	M33	1	0.05420054200542006	LINC02205	FALSE	-	FALSE	39110	ANP32A	-1643872	chr15+70464795
chr15	75180149	+	hg38	31	pP10	xxx	GTSP5545	PBL	M33	1	0.05420054200542006	C15orf39	FALSE	+	FALSE	-21729	NEIL1	-166839	chr15+75180149
chr15	82017417	+	hg38	36	pP10	xxx	GTSP5545	PBL	M33	1	0.05420054200542006	MEX3B	FALSE	-	FALSE	24359	IL16	704653	chr15+82017417
chr15	92810570	+	hg38	55	pP10	xxx	GTSP5545	PBL	M33	1	0.05420054200542006	ASB9P1	FALSE	+	FALSE	13461	CHD2	-89749	chr15+92810570
chr15	92881799	+	hg38	37	pP10	xxx	GTSP5545	PBL	M33	2	0.10840108401084012	LINC01578	FALSE	+	FALSE	-1042	CHD2	-18520	chr15+92881799
chr16	20747646	-	hg38	175	pP10	xxx	GTSP5545	PBL	M33	2	0.10840108401084012	THUMPD1	FALSE	-	FALSE	-5681	UQCRC2	-1205416	chr16-20747646
chr16	2508501	-	hg38	5	pP10	xxx	GTSP5545	PBL	M33	1	0.05420054200542006	TBC1D24	FALSE	+	FALSE	2767	CCNF	49642	chr16-2508501
chr16	50682280	-	hg38	36	pP10	xxx	GTSP5545	PBL	M33	1	0.05420054200542006	SNX20	FALSE	-	FALSE	-926	CYLD	-59768	chr16-50682280
chr16	69386575	-	hg38	264	pP10	xxx	GTSP5545	PBL	M33	9	0.4878048780487805	TERF2	FALSE	-	FALSE	-586	NFAT5	-179389	chr16-69386575
chr16	23897891	+	hg38	19	pP10	xxx	GTSP5545	PBL	M33	2	0.10840108401084012	PRKCB	TRUE	+	FALSE	0	PLK1	207523	chr16+23897891
chr16	30377405	+	hg38	215	pP10	xxx	GTSP5545	PBL	M33	1	0.05420054200542006	MYLPF	TRUE	+	FALSE	-0	CORO1A	188328	chr16+30377405
chr16	68284314	+	hg38	55	pP10	xxx	GTSP5545	PBL	M33	1	0.05420054200542006	SLC7A6	TRUE	+	FALSE	-0	NFATC3	55054	chr16+68284314
chr17	29137798	-	hg38	39	pP10	xxx	GTSP5545	PBL	M33	1	0.05420054200542006	MYO18A	TRUE	-	FALSE	0	TRAF4	386839	chr17-29137798
chr17	42457179	-	hg38	296	pP10	xxx	GTSP5545	PBL	M33	2	0.10840108401084012	ATP6V0A1	FALSE	+	FALSE	-1663	STAT3	-68683	chr17-42457179
chr17	42519041	-	hg38	191	pP10	xxx	GTSP5545	PBL	M33	2	0.10840108401084012	ATP6V0A1	TRUE	+	FALSE	-0	STAT3	-130545	chr17-42519041
chr17	46225701	-	hg38	11	pP10	xxx	GTSP5545	PBL	M33	1	0.05420054200542006	KANSL1	FALSE	-	FALSE	-326	WNT3	536803	chr17-46225701
chr17	48587254	-	hg38	2	pP10	xxx	GTSP5545	PBL	M33	1	0.05420054200542006	HOXB-AS3	FALSE	+	FALSE	-3164	HOXB8	25090	chr17-48587254
chr17	57442863	-	hg38	16	pP10	xxx	GTSP5545	PBL	M33	3	0.16260162601626016	MSI2	TRUE	+	FALSE	0	MSI2	0	chr17-57442863
chr17	58337412	-	hg38	95	pP10	xxx	GTSP5545	PBL	M33	2	0.10840108401084012	TSPOAP1-AS1	TRUE	+	TRUE	0	MIR142	-6093	chr17-58337412
chr17	7561602	-	hg38	5	pP10	xxx	GTSP5545	PBL	M33	1	0.05420054200542006	TNFSF12-TNFSF13,TNFSF13	TRUE	+,+	TRUE	0	SHBG	-52460	chr17-7561602
chr17	76732155	-	hg38	92	pP10	xxx	GTSP5545	PBL	M33	2	0.10840108401084012	METTL23	TRUE	+	FALSE	-0	SRSF2	1958	chr17-76732155
chr17	7887085	-	hg38	365	pP10	xxx	GTSP5545	PBL	M33	7	0.3794037940379404	CHD3	TRUE	+	FALSE	0	CHD3	0	chr17-7887085
chr17	16428540	+	hg38	262	pP10	xxx	GTSP5545	PBL	M33	3	0.16260162601626016	TRPV2	TRUE	+	FALSE	-0	NCOR1	-212979	chr17+16428540
chr17	20651721	+	hg38	29	pP10	xxx	GTSP5545	PBL	M33	2	0.10840108401084012	LINC02088	FALSE	-	FALSE	-18469	SPECC1	336961	chr17+20651721
chr17	38704213	+	hg38	13	pP10	xxx	GTSP5545	PBL	M33	1	0.05420054200542006	MLLT6	FALSE	+	FALSE	-1405	MLLT6	-1405	chr17+38704213
chr17	4002551	+	hg38	101	pP10	xxx	GTSP5545	PBL	M33	4	0.21680216802168023	ZZEF1	FALSE	-	FALSE	1892	TRPV1	-393139	chr17+4002551
chr17	4730752	+	hg38	2	pP10	xxx	GTSP5545	PBL	M33	1	0.05420054200542006	MED11	FALSE	+	FALSE	-654	ALOX15	-89078	chr17+4730752
chr17	48544772	+	hg38	8	pP10	xxx	GTSP5545	PBL	M33	1	0.05420054200542006	HOXB2,HOXB-AS1	TRUE	-,+	TRUE	-0	HOXB8	67572	chr17+48544772
chr17	58333063	+	hg38	2	pP10	xxx	GTSP5545	PBL	M33	1	0.05420054200542006	TSPOAP1-AS1	TRUE	+	FALSE	0	MIR142	-1744	chr17+58333063
chr17	59827187	+	hg38	277	pP10	xxx	GTSP5545	PBL	M33	2	0.10840108401084012	VMP1	TRUE	+	FALSE	-0	MIR21	-14077	chr17+59827187
chr17	60393538	+	hg38	150	pP10	xxx	GTSP5545	PBL	M33	1	0.05420054200542006	USP32	FALSE	-	FALSE	-1312	USP32	-1312	chr17+60393538
chr17	64018928	+	hg38	2	pP10	xxx	GTSP5545	PBL	M33	1	0.05420054200542006	ICAM2	TRUE	-	FALSE	0	CD79B	-86573	chr17+64018928
chr17	68236306	+	hg38	7	pP10	xxx	GTSP5545	PBL	M33	1	0.05420054200542006	AMZ2	TRUE	+	FALSE	-0	PRKAR1A	-177315	chr17+68236306
chr17	77363736	+	hg38	5	pP10	xxx	GTSP5545	PBL	M33	1	0.05420054200542006	SEPT9	TRUE	+	FALSE	0	SEPT9	0	chr17+77363736
chr17	81429741	+	hg38	226	pP10	xxx	GTSP5545	PBL	M33	2	0.10840108401084012	BAHCC1	TRUE	+	FALSE	0	MAFG	488526	chr17+81429741
chr17	9233523	+	hg38	66	pP10	xxx	GTSP5545	PBL	M33	2	0.10840108401084012	NTN1	TRUE	+	FALSE	-0	PIK3R5	-267810	chr17+9233523
chr18	48924819	+	hg38	46	pP10	xxx	GTSP5545	PBL	M33	1	0.05420054200542006	SMAD7	TRUE	-	FALSE	-0	CTIF	61601	chr18+48924819
chr18	48931639	+	hg38	197	pP10	xxx	GTSP5545	PBL	M33	1	0.05420054200542006	SMAD7	TRUE	-	FALSE	-0	CTIF	68421	chr18+48931639
chr18	57622611	+	hg38	91	pP10	xxx	GTSP5545	PBL	M33	1	0.05420054200542006	NARS	FALSE	-	FALSE	-665	ATP8B1	23813	chr18+57622611
chr19	10565567	-	hg38	100	pP10	xxx	GTSP5545	PBL	M33	1	0.05420054200542006	KRI1	TRUE	-	FALSE	0	CDKN2D	893	chr19-10565567
chr19	10603812	-	hg38	28	pP10	xxx	GTSP5545	PBL	M33	1	0.05420054200542006	SLC44A2	TRUE	+	FALSE	0	CDKN2D	-34832	chr19-10603812
chr19	16282718	-	hg38	26	pP10	xxx	GTSP5545	PBL	M33	1	0.05420054200542006	KLF2	FALSE	+	FALSE	-42106	EPS15L1	72524	chr19-16282718
chr19	18290941	-	hg38	4	pP10	xxx	GTSP5545	PBL	M33	2	0.10840108401084012	MIR3188	FALSE	+	FALSE	8779	JUND	-9284	chr19-18290941
chr19	18291098	-	hg38	29	pP10	xxx	GTSP5545	PBL	M33	2	0.10840108401084012	MIR3188	FALSE	+	FALSE	8936	JUND	-9441	chr19-18291098
chr19	3360601	-	hg38	206	pP10	xxx	GTSP5545	PBL	M33	1	0.05420054200542006	NFIC	TRUE	+	FALSE	0	NFIC	0	chr19-3360601
chr19	44740898	-	hg38	74	pP10	xxx	GTSP5545	PBL	M33	2	0.10840108401084012	BCL3	FALSE	+	FALSE	-7821	BCL3	-7821	chr19-44740898
chr19	44741295	-	hg38	2	pP10	xxx	GTSP5545	PBL	M33	2	0.10840108401084012	BCL3	FALSE	+	FALSE	-7424	BCL3	-7424	chr19-44741295
chr19	55253876	-	hg38	146	pP10	xxx	GTSP5545	PBL	M33	1	0.05420054200542006	PPP6R1	TRUE	-	FALSE	0	PTPRH	-44369	chr19-55253876
chr19	13104663	+	hg38	14	pP10	xxx	GTSP5545	PBL	M33	1	0.05420054200542006	TRMT1	FALSE	-	FALSE	235	LYL1	-1502	chr19+13104663
chr19	13838336	+	hg38	6	pP10	xxx	GTSP5545	PBL	M33	1	0.05420054200542006	MIR23A	FALSE	-	FALSE	-1676	ADGRE5	-542806	chr19+13838336
chr19	35436534	+	hg38	125	pP10	xxx	GTSP5545	PBL	M33	1	0.05420054200542006	FFAR2	FALSE	+	FALSE	-13179	FXYD5	266648	chr19+35436534
chr19	39403500	+	hg38	2	pP10	xxx	GTSP5545	PBL	M33	1	0.05420054200542006	MED29	FALSE	+	FALSE	2862	ZFP36	-3345	chr19+39403500
chr19	41306932	+	hg38	98	pP10	xxx	GTSP5545	PBL	M33	1	0.05420054200542006	HNRNPUL1	TRUE	+	TRUE	-0	TGFB1	23389	chr19+41306932
chr2	11753228	-	hg38	64	pP10	xxx	GTSP5545	PBL	M33	1	0.05420054200542006	LPIN1	TRUE	+	FALSE	-0	E2F6	-287050	chr2-11753228
chr2	236545430	-	hg38	80	pP10	xxx	GTSP5545	PBL	M33	1	0.05420054200542006	ACKR3	FALSE	+	FALSE	-24305	ACKR3	-24305	chr2-236545430
chr2	37830044	-	hg38	23	pP10	xxx	GTSP5545	PBL	M33	1	0.05420054200542006	LINC00211	TRUE	-	FALSE	-0	EIF2AK2	-672996	chr2-37830044
chr2	43045267	-	hg38	29	pP10	xxx	GTSP5545	PBL	M33	1	0.05420054200542006	LINC01819	FALSE	-	FALSE	-5723	ZFP36L2	177133	chr2-43045267
chr2	43209253	-	hg38	3	pP10	xxx	GTSP5545	PBL	M33	1	0.05420054200542006	ZFP36L2	FALSE	-	FALSE	13147	ZFP36L2	13147	chr2-43209253
chr2	64261187	-	hg38	29	pP10	xxx	GTSP5545	PBL	M33	1	0.05420054200542006	LOC100507006	FALSE	+	FALSE	8655	RAB1A	825665	chr2-64261187
chr2	85438695	-	hg38	137	pP10	xxx	GTSP5545	PBL	M33	1	0.05420054200542006	SH2D6	FALSE	+	FALSE	1665	CAPG	-24620	chr2-85438695
chr2	8986613	-	hg38	67	pP10	xxx	GTSP5545	PBL	M33	1	0.05420054200542006	MBOAT2	TRUE	-	FALSE	0	ID2	302159	chr2-8986613
chr2	169795839	+	hg38	30	pP10	xxx	GTSP5545	PBL	M33	1	0.05420054200542006	SSB	FALSE	+	FALSE	-2971	LRP2	-433226	chr2+169795839
chr2	216477355	+	hg38	13	pP10	xxx	GTSP5545	PBL	M33	2	0.10840108401084012	SMARCAL1	TRUE	+	FALSE	-0	IGFBP2	-155471	chr2+216477355
chr2	25487420	+	hg38	72	pP10	xxx	GTSP5545	PBL	M33	1	0.05420054200542006	DTNB	TRUE	-	FALSE	-0	DNMT3A	-144829	chr2+25487420
chr2	64730775	+	hg38	3	pP10	xxx	GTSP5545	PBL	M33	1	0.05420054200542006	SERTAD2	FALSE	-	FALSE	-76862	RAB1A	356077	chr2+64730775
chr20	31662178	-	hg38	28	pP10	xxx	GTSP5545	PBL	M33	1	0.05420054200542006	BCL2L1	FALSE	-	FALSE	2272	BCL2L1	2272	chr20-31662178
chr20	53596715	-	hg38	8	pP10	xxx	GTSP5545	PBL	M33	2	0.10840108401084012	LOC105372672	FALSE	+	FALSE	-11637	ZNF217	-13617	chr20-53596715
chr20	53609192	-	hg38	85	pP10	xxx	GTSP5545	PBL	M33	1	0.05420054200542006	LOC105372672	TRUE	+	FALSE	0	ZNF217	-26094	chr20-53609192
chr20	63445948	-	hg38	3	pP10	xxx	GTSP5545	PBL	M33	3	0.16260162601626016	KCNQ2	TRUE	-	FALSE	0	EEF1A2	42062	chr20-63445948
chr20	32574445	+	hg38	2	pP10	xxx	GTSP5545	PBL	M33	1	0.05420054200542006	NOL4L	TRUE	-	FALSE	0	ASXL1	135125	chr20+32574445
chr20	32581600	+	hg38	13	pP10	xxx	GTSP5545	PBL	M33	1	0.05420054200542006	NOL4L	TRUE	-	FALSE	0	ASXL1	142280	chr20+32581600
chr20	47359193	+	hg38	193	pP10	xxx	GTSP5545	PBL	M33	2	0.10840108401084012	ZMYND8	FALSE	-	FALSE	-2303	ZMYND8	-2303	chr20+47359193
chr20	51696662	+	hg38	3	pP10	xxx	GTSP5545	PBL	M33	2	0.10840108401084012	ATP9A	TRUE	-	FALSE	0	NFATC2	-133830	chr20+51696662
chr21	42453277	-	hg38	203	pP10	xxx	GTSP5545	PBL	M33	3	0.16260162601626016	UBASH3A	FALSE	+	FALSE	5596	RSPH1	19207	chr21-42453277
chr21	15438974	+	hg38	13	pP10	xxx	GTSP5545	PBL	M33	4	0.21680216802168023	USP25	FALSE	+	FALSE	-290958	NRIP1	-374168	chr21+15438974
chr21	34909893	+	hg38	6	pP10	xxx	GTSP5545	PBL	M33	2	0.10840108401084012	RUNX1	TRUE	-	FALSE	-0	RUNX1	-0	chr21+34909893
chr21	35026454	+	hg38	56	pP10	xxx	GTSP5545	PBL	M33	1	0.05420054200542006	RUNX1	TRUE	-	FALSE	0	RUNX1	0	chr21+35026454
chr21	35040047	+	hg38	20	pP10	xxx	GTSP5545	PBL	M33	2	0.10840108401084012	RUNX1	TRUE	-	FALSE	0	RUNX1	0	chr21+35040047
chr21	42063080	+	hg38	3	pP10	xxx	GTSP5545	PBL	M33	2	0.10840108401084012	UMODL1	TRUE	+	TRUE	0	TFF3	248585	chr21+42063080
chr22	17218724	-	hg38	66	pP10	xxx	GTSP5545	PBL	M33	1	0.05420054200542006	ADA2	TRUE	-	FALSE	0	HDHD5	-53436	chr22-17218724
chr22	44663916	-	hg38	5	pP10	xxx	GTSP5545	PBL	M33	2	0.10840108401084012	PRR5	FALSE	+	FALSE	-4629	PARVB	494682	chr22-44663916
chr3	152239634	-	hg38	41	pP10	xxx	GTSP5545	PBL	M33	1	0.05420054200542006	MBNL1-AS1	FALSE	-	FALSE	22980	RAP2B	-922576	chr3-152239634
chr3	15329021	-	hg38	3	pP10	xxx	GTSP5545	PBL	M33	1	0.05420054200542006	SH3BP5	TRUE	-	FALSE	0	XPC	-1150348	chr3-15329021
chr3	169250222	-	hg38	220	pP10	xxx	GTSP5545	PBL	M33	3	0.16260162601626016	MECOM	TRUE	-	FALSE	-0	MECOM	-0	chr3-169250222
chr3	169355501	-	hg38	145	pP10	xxx	GTSP5545	PBL	M33	2	0.10840108401084012	MECOM	TRUE	-	FALSE	-0	MECOM	-0	chr3-169355501
chr3	169657381	-	hg38	5	pP10	xxx	GTSP5545	PBL	M33	1	0.05420054200542006	MECOM	TRUE	-	FALSE	0	MECOM	0	chr3-169657381
chr3	169664220	-	hg38	63	pP10	xxx	GTSP5545	PBL	M33	1	0.05420054200542006	MECOM	FALSE	-	FALSE	-444	MECOM	-444	chr3-169664220
chr3	185762548	-	hg38	2	pP10	xxx	GTSP5545	PBL	M33	2	0.10840108401084012	IGF2BP2	TRUE	-	FALSE	0	ETV5	283767	chr3-185762548
chr3	185762553	-	hg38	120	pP10	xxx	GTSP5545	PBL	M33	3	0.16260162601626016	IGF2BP2	TRUE	-	FALSE	0	ETV5	283762	chr3-185762553
chr3	50338657	-	hg38	121	pP10	xxx	GTSP5545	PBL	M33	1	0.05420054200542006	RASSF1	TRUE	-	FALSE	0	RASSF1	0	chr3-50338657
chr3	144269691	+	hg38	2	pP10	xxx	GTSP5545	PBL	M33	1	0.05420054200542006	C3orf58	FALSE	+	FALSE	277322	SLC9A9	-421159	chr3+144269691
chr3	186967102	+	hg38	2	pP10	xxx	GTSP5545	PBL	M33	1	0.05420054200542006	ST6GAL1	TRUE	+	FALSE	0	ST6GAL1	0	chr3+186967102
chr3	196179933	+	hg38	39	pP10	xxx	GTSP5545	PBL	M33	1	0.05420054200542006	ZDHHC19	FALSE	-	FALSE	17517	TFRC	-97771	chr3+196179933
chr3	20054037	+	hg38	6	pP10	xxx	GTSP5545	PBL	M33	1	0.05420054200542006	KAT2B	TRUE	+	FALSE	0	SATB1	-1608448	chr3+20054037
chr3	5010747	+	hg38	9	pP10	xxx	GTSP5545	PBL	M33	1	0.05420054200542006	BHLHE40	FALSE	+	FALSE	25565	CNTN4	1952785	chr3+5010747
chr4	101790268	-	hg38	400	pP10	xxx	GTSP5545	PBL	M33	7	0.3794037940379404	BANK1	FALSE	+	FALSE	-337	NFKB1	-711059	chr4-101790268
chr4	15414090	-	hg38	5	pP10	xxx	GTSP5545	PBL	M33	1	0.05420054200542006	LOC101929095,C1QTNF7	TRUE	-,+	FALSE	0	S100P	8716919	chr4-15414090
chr4	40576836	-	hg38	74	pP10	xxx	GTSP5545	PBL	M33	1	0.05420054200542006	RBM47	TRUE	-	FALSE	0	RHOH	332071	chr4-40576836
chr4	83111690	-	hg38	744	pP10	xxx	GTSP5545	PBL	M33	5	0.27100271002710025	PLAC8	TRUE	-	FALSE	0	HPSE	180769	chr4-83111690
chr4	140081995	+	hg38	43	pP10	xxx	GTSP5545	PBL	M33	2	0.10840108401084012	MAML3	TRUE	-	FALSE	0	USP38	-3102920	chr4+140081995
chr4	159076443	+	hg38	338	pP10	xxx	GTSP5545	PBL	M33	2	0.10840108401084012	RAPGEF2	FALSE	+	FALSE	-27681	NPY1R	4247520	chr4+159076443
chr4	37764835	+	hg38	3	pP10	xxx	GTSP5545	PBL	M33	2	0.10840108401084012	PGM2	FALSE	+	FALSE	-61823	KLF3	-899332	chr4+37764835
chr4	40192653	+	hg38	8	pP10	xxx	GTSP5545	PBL	M33	1	0.05420054200542006	RHOH	TRUE	+	FALSE	0	RHOH	0	chr4+40192653
chr5	116562550	-	hg38	7	pP10	xxx	GTSP5545	PBL	M33	1	0.05420054200542006	SEMA6A	TRUE	-	FALSE	0	MCC	-3073719	chr5-116562550
chr5	124774737	-	hg38	281	pP10	xxx	GTSP5545	PBL	M33	1	0.05420054200542006	ZNF608	FALSE	-	FALSE	-29624	ZNF608	-29624	chr5-124774737
chr5	176362859	-	hg38	120	pP10	xxx	GTSP5545	PBL	M33	1	0.05420054200542006	KIAA1191	FALSE	-	FALSE	-1051	CPLX2	478838	chr5-176362859
chr5	176541433	-	hg38	87	pP10	xxx	GTSP5545	PBL	M33	1	0.05420054200542006	CDHR2	FALSE	+	FALSE	-1076	FGFR4	-545437	chr5-176541433
chr5	177308347	-	hg38	347	pP10	xxx	GTSP5545	PBL	M33	3	0.16260162601626016	MXD3	TRUE	-	FALSE	-0	NSD1	8133	chr5-177308347
chr5	179804474	-	hg38	51	pP10	xxx	GTSP5545	PBL	M33	1	0.05420054200542006	MGAT4B	TRUE	-	FALSE	0	MAPK9	429118	chr5-179804474
chr5	139276237	+	hg38	236	pP10	xxx	GTSP5545	PBL	M33	2	0.10840108401084012	SNHG4,MATR3,SNORA74D	TRUE	+,+,+	TRUE	-0	UBE2D2	-284927	chr5+139276237
chr5	139650603	+	hg38	270	pP10	xxx	GTSP5545	PBL	M33	1	0.05420054200542006	CXXC5	TRUE	+	FALSE	0	UBE2D2	22168	chr5+139650603
chr5	139699230	+	hg38	175	pP10	xxx	GTSP5545	PBL	M33	2	0.10840108401084012	CXXC5	FALSE	+	FALSE	15344	UBE2D2	70795	chr5+139699230
chr5	170298003	+	hg38	98	pP10	xxx	GTSP5545	PBL	M33	1	0.05420054200542006	LCP2	FALSE	-	FALSE	-160	RANBP17	-563877	chr5+170298003
chr5	32173638	+	hg38	68	pP10	xxx	GTSP5545	PBL	M33	1	0.05420054200542006	GOLPH3	TRUE	-	FALSE	0	PRLR	2875116	chr5+32173638
chr6	31582138	-	hg38	279	pP10	xxx	GTSP5545	PBL	M33	5	0.27100271002710025	LTB	TRUE	-	FALSE	0	LTB	0	chr6-31582138
chr6	32189608	-	hg38	34	pP10	xxx	GTSP5545	PBL	M33	1	0.05420054200542006	PBX2	TRUE	-	FALSE	0	PBX2	0	chr6-32189608
chr6	150810044	+	hg38	23	pP10	xxx	GTSP5545	PBL	M33	1	0.05420054200542006	PLEKHG1	TRUE	+	FALSE	-0	AKAP12	-429953	chr6+150810044
chr6	18264959	+	hg38	128	pP10	xxx	GTSP5545	PBL	M33	2	0.10840108401084012	DEK	FALSE	-	FALSE	-390	DEK	-390	chr6+18264959
chr6	25051197	+	hg38	178	pP10	xxx	GTSP5545	PBL	M33	2	0.10840108401084012	RIPOR2	FALSE	-	FALSE	-8908	HIST1H3B	980390	chr6+25051197
chr6	32952382	+	hg38	43	pP10	xxx	GTSP5545	PBL	M33	2	0.10840108401084012	HLA-DMA	TRUE	-	FALSE	0	BRD2	-16276	chr6+32952382
chr6	36911531	+	hg38	11	pP10	xxx	GTSP5545	PBL	M33	1	0.05420054200542006	C6orf89	TRUE	+	FALSE	-0	CDKN1A	224191	chr6+36911531
chr6	37432927	+	hg38	220	pP10	xxx	GTSP5545	PBL	M33	1	0.05420054200542006	CMTR1	FALSE	+	FALSE	-202	PIM1	257498	chr6+37432927
chr6	37938085	+	hg38	135	pP10	xxx	GTSP5545	PBL	M33	1	0.05420054200542006	ZFAND3	TRUE	+	FALSE	0	PIM1	762656	chr6+37938085
chr6	42784147	+	hg38	270	pP10	xxx	GTSP5545	PBL	M33	5	0.27100271002710025	BICRAL,LOC401261	TRUE	+,+	TRUE	-0	PTCRA	-131840	chr6+42784147
chr6	7050926	+	hg38	170	pP10	xxx	GTSP5545	PBL	M33	2	0.10840108401084012	RREB1	FALSE	+	FALSE	-56669	RREB1	-56669	chr6+7050926
chr6	90190850	+	hg38	9	pP10	xxx	GTSP5545	PBL	M33	1	0.05420054200542006	BACH2	TRUE	-	FALSE	0	BACH2	0	chr6+90190850
chr7	137973124	-	hg38	28	pP10	xxx	GTSP5545	PBL	M33	1	0.05420054200542006	CREB3L2	TRUE	-	FALSE	0	CREB3L2	0	chr7-137973124
chr7	142459416	-	hg38	36	pP10	xxx	GTSP5545	PBL	M33	2	0.10840108401084012	TRY2P	FALSE	-	FALSE	-187166	EPHB6	-395596	chr7-142459416
chr7	151057739	-	hg38	32	pP10	xxx	GTSP5545	PBL	M33	1	0.05420054200542006	CDK5	TRUE	-	FALSE	0	CDK5	0	chr7-151057739
chr7	26416438	-	hg38	79	pP10	xxx	GTSP5545	PBL	M33	1	0.05420054200542006	LOC441204	TRUE	+	FALSE	0	HNRNPA2B1	-215644	chr7-26416438
chr7	26536814	-	hg38	16	pP10	xxx	GTSP5545	PBL	M33	1	0.05420054200542006	LOC441204,KIAA0087	TRUE	+,-	TRUE	0	HNRNPA2B1	-336020	chr7-26536814
chr7	50350159	-	hg38	107	pP10	xxx	GTSP5545	PBL	M33	1	0.05420054200542006	IKZF1	TRUE	+	FALSE	0	IKZF1	0	chr7-50350159
chr7	74028737	-	hg38	368	pP10	xxx	GTSP5545	PBL	M33	5	0.27100271002710025	ELN	TRUE	+	FALSE	0	ELN	0	chr7-74028737
chr7	101741761	+	hg38	21	pP10	xxx	GTSP5545	PBL	M33	2	0.10840108401084012	CUX1	FALSE	+	FALSE	-74141	CUX1	-74141	chr7+101741761
chr7	26543437	+	hg38	102	pP10	xxx	GTSP5545	PBL	M33	1	0.05420054200542006	LOC441204	FALSE	+	FALSE	2486	HNRNPA2B1	-342643	chr7+26543437
chr7	50307832	+	hg38	137	pP10	xxx	GTSP5545	PBL	M33	3	0.16260162601626016	IKZF1	TRUE	+	FALSE	0	IKZF1	0	chr7+50307832
chr7	50337919	+	hg38	35	pP10	xxx	GTSP5545	PBL	M33	3	0.16260162601626016	IKZF1	TRUE	+	FALSE	0	IKZF1	0	chr7+50337919
chr7	5463184	+	hg38	44	pP10	xxx	GTSP5545	PBL	M33	1	0.05420054200542006	FBXL18	FALSE	-	FALSE	12611	ACTB	63960	chr7+5463184
chr8	102794814	-	hg38	117	pP10	xxx	GTSP5545	PBL	M33	1	0.05420054200542006	GASAL1	FALSE	+	FALSE	-12006	BAALC	-345877	chr8-102794814
chr8	107427132	-	hg38	61	pP10	xxx	GTSP5545	PBL	M33	1	0.05420054200542006	ANGPT1	TRUE	-	FALSE	0	RSPO2	472182	chr8-107427132
chr8	127760209	-	hg38	4	pP10	xxx	GTSP5545	PBL	M33	1	0.05420054200542006	MYC	FALSE	+	FALSE	17257	MYC	17257	chr8-127760209
chr8	143979223	-	hg38	13	pP10	xxx	GTSP5545	PBL	M33	1	0.05420054200542006	PARP10	TRUE	-	FALSE	-0	BOP1	282821	chr8-143979223
chr8	24293845	-	hg38	15	pP10	xxx	GTSP5545	PBL	M33	1	0.05420054200542006	ADAM28	FALSE	+	FALSE	-193	NKX3-1	-610907	chr8-24293845
chr8	40990667	+	hg38	3	pP10	xxx	GTSP5545	PBL	M33	1	0.05420054200542006	ZMAT4	FALSE	-	FALSE	-92842	KAT6A	938810	chr8+40990667
chr9	131392556	-	hg38	228	pP10	xxx	GTSP5545	PBL	M33	1	0.05420054200542006	PRRC2B	FALSE	+	FALSE	-37532	NUP214	157885	chr9-131392556
chr9	136531853	-	hg38	284	pP10	xxx	GTSP5545	PBL	M33	2	0.10840108401084012	NOTCH1	TRUE	-	FALSE	0	NOTCH1	0	chr9-136531853
chr9	123027921	+	hg38	139	pP10	xxx	GTSP5545	PBL	M33	2	0.10840108401084012	RABGAP1	TRUE	+	FALSE	-0	CRB2	-328244	chr9+123027921
chr9	8699013	+	hg38	21	pP10	xxx	GTSP5545	PBL	M33	2	0.10840108401084012	PTPRD	TRUE	-	FALSE	-0	PTPRD	-0	chr9+8699013
chrX	135985143	-	hg38	11	pP10	xxx	GTSP5545	PBL	M33	1	0.05420054200542006	SLC9A6	FALSE	+	FALSE	-279	PHF6	1556350	chrX-135985143
chrX	41276963	-	hg38	17	pP10	xxx	GTSP5545	PBL	M33	1	0.05420054200542006	LOC105373185	FALSE	+	FALSE	184	BCOR	-1099633	chrX-41276963
chrX	45852435	-	hg38	24	pP10	xxx	GTSP5545	PBL	M33	1	0.05420054200542006	LOC401585	FALSE	-	FALSE	-944	MIR222	-105310	chrX-45852435
chrX	46757110	-	hg38	92	pP10	xxx	GTSP5545	PBL	M33	1	0.05420054200542006	SLC9A7	TRUE	-	FALSE	0	CDK16	-461017	chrX-46757110
chrX	71102772	-	hg38	169	pP10	xxx	GTSP5545	PBL	M33	1	0.05420054200542006	FOXO4	TRUE	+	TRUE	-0	FOXO4	-0	chrX-71102772
chrX	136496242	+	hg38	72	pP10	xxx	GTSP5545	PBL	M33	1	0.05420054200542006	HTATSF1	FALSE	+	FALSE	-835	PHF6	2067449	chrX+136496242
chrX	136881251	+	hg38	6	pP10	xxx	GTSP5545	PBL	M33	1	0.05420054200542006	RBMX	FALSE	-	FALSE	-470	FGF13	1750320	chrX+136881251
chrX	20267328	+	hg38	202	pP10	xxx	GTSP5545	PBL	M33	2	0.10840108401084012	RPS6KA3	FALSE	-	FALSE	-695	EIF1AX	-125479	chrX+20267328
chrX	37802670	+	hg38	270	pP10	xxx	GTSP5545	PBL	M33	6	0.3252032520325203	CYBB	TRUE	+	FALSE	-0	BCOR	2248574	chrX+37802670
chrY	57193281	-	hg38	4	pP10	xxx	GTSP5545	PBL	M33	1	0.05420054200542006	IL9R	TRUE	+	FALSE	-0	P2RY8	-55656136	chrY-57193281
